question,choices,answer,explanation
GitHub Copilot はコード リファクタリング タスクをどのように支援しますか?,A.GitHub Copilot は、ユーザー入力なしで構文エラーを修正できます。;B.GitHub Copilot は、ベストプラクティスに従ってコードを自動的に書き換えることができます。;C.GitHub Copilot は、コード品質を向上させるためのリファクタリングの改善を提案できます。;D.GitHub Copilot はプロジェクト ディレクトリから不要なファイルを削除できます。,C,GitHub Copilotは既存のコードを分析し、コードの品質、可読性、保守性を向上させるためのリファクタリングの改善を提案します。
GitHub Copilot Chat のパフォーマンスを向上させる戦略を選択します。,A.GitHub Copilot Chatクエリを1つ使用して、技術要件のコレクションの解決策を見つける;B.GitHub Copilot Chatに同時アクセスするユーザー数を制限する;C.より具体的にするために迅速なエンジニアリング技術を適用する;D.生成されたコード内でメモリを大量に消費する操作の使用を最適化する;,C,GitHub Copilotは既存のコードを分析し、コードの品質、可読性、保守性を向上させるためのリファクタリングの改善を提案します。コード構造の改善、複雑さの軽減、ベストプラクティスの遵守に向けた変更を提案します。
GitHub Mobile で GitHub Copilot Chat を使用しているときに、GitHub Copilot Chat に関するフィードバックを共有する最適な方法は何ですか?,A.GitHub モバイル アプリの [設定] メニュー。;B.GitHub ウェブサイトのフィードバック セクション。;C.Copilot Chat インターフェースで絵文字を使用します。;D.GitHub の公式 X (旧称 Twitter) アカウントでツイートする。,C,GitHub Mobile でフィードバックを共有する最適な方法は、Copilot Chat インターフェースの絵文字を使用することです。これにより、直接かつ即時のフィードバックが可能になります。
GitHub Copilot から生成されたコードに大きく依存することで生じる潜在的なリスクは何ですか? (それぞれの正解は解決策の一部を示しています。2 つ選択してください。),A.GitHub Copilot は、既知の脆弱性のあるコードを提案することで、セキュリティ上の脆弱性をもたらす可能性があります。;B.GitHub Copilot では、迅速なエンジニアリングに時間がかかりすぎるため、開発者の速度が低下する可能性があります。;C.GitHub Copilot の提案は、必ずしもベストプラクティスや最新のコーディング標準を反映しているとは限りません。;D.GitHub Copilot は無関係な提案を提供することで開発のリードタイムを延長する可能性があります。,AC,GitHub Copilot に過度に依存すると、生成されたコードに既知の脆弱性が含まれている場合、セキュリティ上の脆弱性が発生する可能性があります。また、Copilot の提案は必ずしもベストプラクティスや最新の標準に準拠しているわけではないため、慎重なレビューと検証が必要です。
GitHub Copilot と対話するにはどのような方法を使用できますか?,A.適切に設定されたGitHub CLIを使用する;B.NeoVimのチャット機能を使用する;C.IDEデバッグセッションのウォッチウィンドウから;D.Webブラウザからhttps://github.copilot.comへアクセス,B,GitHub Copilot は、Visual Studio Code、JetBrains IDE、NeoVim などのサポートされている統合開発環境 (IDE) やコードエディターに直接統合できる AI 搭載のコード補完ツールです。
プロキシサービスはどこでホストされていますか?,A.Self-hosted;B. Amazon Web Service;C.Microsoft Azure;D. Google Cloud,C,GitHub Copilot のプロキシサービスは Microsoft Azure でホストされています。
コンテンツ除外の制限は何ですか?,A.コンテンツの除外は Git リポジトリでのみ使用できるため、回避できます。;B.コンテンツの除外は、エンタープライズ管理者のみが設定できます。;C.コンテンツの除外は、GitHub Copilot 個人プランでのみ利用できます。;D.リポジトリ管理者と組織の所有者はコンテンツ除外設定を管理できません。,A,制限事項として、コンテンツの除外は Git リポジトリでのみ使用できます。つまり、他の手段でコンテンツにアクセスする場合は、これを回避できます。
次の GitHub Copilot Business 関連のアクティビティのうち、組織の監査ログを使用して追跡できるものはどれですか。,A.承認されたチャット提案;B. GitHub Copilotによるコード提案;C.コンテンツ除外設定の変更;D.重複検出フィルタリングによってブロックされた提案,C,組織の監査ログは、コンテンツ除外設定の変更を追跡し、管理者に構成の変更の可視性を提供します。
GitHub Copilot から複数の提案を取得するにはどうすればよいですか?,A.コード内のコメントを使用して複数の提案を求める;B.エディタで補完パネルを開く;C.インラインチャット機能を使用して「multiple」コマンドを実行する;D.チャットウィンドウで@workspaceを使用する,B,エディターで補完パネルを開くと、代替のコード候補が表示され、複数の候補を取得できます。
どの GitHub Copilot プランでプロンプトと提案の収集が可能になりますか?,A. GitHub Copilot 個人;B. GitHub Copilot ビジネス;C. GitHub Copilot エンタープライズ;D. GitHub Copilot コードスペース,C,GitHub Copilot Enterprise を使用すると、迅速な提案収集が可能になり、組織はツールの使用状況を分析して改善することができます。
GitHub Copilot Chat によるコード機能の説明や改善提案を頼りにする場合、重要な考慮事項は何ですか?,A.説明はユーザーからのフィードバックに基づいて動的に更新されます。;B.生成された出力の正確性と完全性を確認し、検証します。;C. GitHub Copilot Chat は説明を生成するために静的データベースを使用します。;D.説明は主にユーザー提供のドキュメントに基づいています。,B,生成された出力をレビューして検証することが重要です。Copilotの提案は必ずしも完全に正確とは限らないためです。
次の GitHub Copilot Business 関連のアクティビティのうち、組織の監査ログを使用して追跡できるものはどれですか。,A. GitHub Copilotによるコード提案;B.重複検出フィルタリングによってブロックされた提案;C.承認されたチャット提案;D.コンテンツ除外設定の変更,D,コンテンツ除外設定の変更は監査ログに記録されます。
GitHub Copilot と GitHub Copilot Chat は、開発者がアプリケーションを最新化する際にどのように役立ちますか?,A. GitHub Copilot は、レガシーアプリケーションをクラウドネイティブ アーキテクチャに直接変換できます。;B. GitHub Copilot は、コードに基づいて最新のプログラミング パターンを提案できます。;C. GitHub Copilot は、単一のクエリに基づいてフルスタック アプリケーションを作成してデプロイできます。;D. GitHub Copilot は、今後の標準に合わせてアプリケーションをリファクタリングできます。,B,GitHub Copilotは最新のプログラミングパターンを提案し、アプリケーションのモダナイゼーションを支援します。
GitHub Copilot を使用して、コードのリファクタリングに関するインライン提案を取得するにはどうすればよいですか? (2 つ選択してください。),A.コードにコメントを追加して提案をトリガーします。;B.修正するコードをハイライトし、右クリックして、「GitHub Copilot を使用して修正」を選択します。;C. gh copilot fix コマンドを実行します。;D. GitHub Copilot インライン チャットで「/fix」コマンドを使用する。;E.修正するコードをハイライトし、右クリックして、「GitHub Copilot を使用してリファクタリング」を選択します。,AE,コメント追加やハイライトしてリファクタリングを選ぶ操作でインライン提案を取得可能です。
GitHub Copilot は、コンテンツ除外を使用して除外されたコンテンツをいつ引き続き使用できますか?,A.除外されたファイルの内容が、関数呼び出しなど、除外されていないコード内で参照されている場合。;B.リポジトリ レベルの設定でユーザーによる上書きが許可されている場合。;C.コンテンツの除外がエンタープライズ レベルで構成され、組織レベルで上書きされる場合。;D.ユーザーが @workspace でプロンプトを出したとき。,A,関数呼び出しなどで参照されている場合、除外されたコンテンツを使用する可能性があります。
開発者はどのような方法で GitHub Copilot を使用してサンプルデータを生成することができますか? (それぞれの正解はソリューションの一部を示しています。2 つ選択してください。),A. GitHub Copilot の機能を活用して、トレーニング データ内のパターンから架空の情報を作成します。;B. GitHub Copilot の機能を活用して、データ ストレージ サービスを独立して開始および管理する。;C. GitHub Copilot の機能を活用して、データベースに直接アクセスし、サンプル データを作成します。;D. GitHub Copilot の提案を活用して、リポジトリ内の API ドキュメントに基づいてデータを作成します。,AD,Copilot の提案により、トレーニングデータから架空の情報を生成し、API ドキュメントに基づくデータも生成できます。
GitHub Copilot が公開されているコード スニペットを提案しないようにするために、組織レベルで設定できる GitHub Copilot 機能は何ですか?,A. IDE 内の GitHub Copilot チャット;B. GitHub MobileでのGitHub Copilotチャット;C. GitHub Copilot重複検出フィルター;D. GitHub Copilot の Bing へのアクセス,C,重複検出フィルターを設定することで、Copilot による公開コードスニペットの提案を抑制できます。
GitHub Copilot Business サブスクリプションの詳細を変更するために使用される REST API エンドポイントはどれですか? (それぞれの正解はソリューションの一部を示しています。2 つ選択してください。),A.組織のCopilotサブスクリプションにチームを追加する;B.サブスクリプション層のアップグレードまたはダウングレード;C. GitHub組織間でのCopilotシートの割り当てを移行する;D. GitHubリポジトリのサイズに基づいてCopilotのシートを再割り当てする;E.組織の Copilot サブスクリプションからチームを削除する,AE,REST API は Copilot Business のチーム追加・削除に対応しています。
GitHub Copilot Chat は、コーディングの質問に答える際に、トレーニング データと外部ソースをどのように活用して応答を生成するのでしょうか?,A.応答を生成するために、主にモデルのトレーニング データに依存します。;B.応答を生成するために主に Bing の検索結果を使用します。;C.トレーニング データ セット、ユーザー リポジトリ内のコード、Bing などの外部ソースを組み合わせて応答を生成します。;D.応答を生成するために、ユーザーが提供するドキュメントのみを使用します。,C,GitHub Copilot Chat は、トレーニング データ、ユーザー リポジトリのコード、Bing などの外部ソースを組み合わせて、コーディングに関する質問に対する包括的で関連性のある応答を生成します。
ある企業は現在、Bitbucketにコードを保存しており、GitHub Copilotの導入を検討しています。自社のIDプロバイダー（Oktaなど）でユーザーを管理するには、どのGitHub Copilotプランが最も費用対効果が高いでしょうか？,A. GHE以外のお客様向けのGitHub Copilot Business;B. GitHub Copilot 個人;C. GitHub Copilot エンタープライズ;D. GitHub Copilotチーム,C,GitHub Copilot Enterprise は、エンタープライズレベルの機能と統合を提供するため、Okta などのアイデンティティプロバイダーを使用してユーザーを管理するための最も費用対効果の高いプランです。
GitHub Copilot は、新しいプログラミング言語を学ぶ際に、どのようにスムーズな学習体験を促進しますか? (それぞれの正解は解決策の一部を示しています。2 つ選択してください。),A. GitHub Copilot Chat は、対象となるプログラミング言語での一般的なコーディング タスクと課題に関するガイダンスとサポートを提供できます。;B. GitHub Copilot の /understand コマンドは、GitHub Copilot が対象のプログラミング言語で記述されたコードを理解するのに役立ちます。;C. GitHub Copilot は、組織のドキュメントからコンテキストに応じたコード提案と回答ソースを提供できます。;D. GitHub Copilot はコメントをコードに変換し、新しいプログラミング言語の構文とニュアンスを把握できます。,AD,GitHub Copilot は、一般的なタスクに関するガイダンスを提供し、コメントをコードに変換して開発者が実際の構文を確認できるようにすることで、新しい言語の学習を支援します。
AI の使用に関連するリスクは次のどれですか?,A. AI アルゴリズムは既存の偏見を永続させることができません。;B. AI システムは解釈が難しい決定を下すことがあります。;C. AI によりデータプライバシー規制の必要性がなくなります。;D. AI により、ほとんどの分野で開発者の機会の必要性がなくなります。,B,AI に伴うリスクとして、その決定を解釈することが難しいため、透明性が欠如し、誤解が生じる可能性があることが挙げられます。
GitHub Copilot のどの料金プランで会社のナレッジベースにアクセスできますか?,A. GitHub Copilot Free;B. GitHub Copilot Business;C. GitHub Copilot Enterprise;D. GitHub Copilot Pro/Pro+,C,GitHub Copilot Enterprise は、会社のナレッジベースへのアクセスを提供し、ツールが組織の特定のドキュメントとコードに基づいてコンテキストに適した提案を提供できるようにします。
GitHub Copilot Enterprise は、プル リクエスト プロセス中のコード レビューをどのように支援しますか? (2 つ選択してください。),A.自動レビュー後にプルリクエストを自動的にマージします。;B.プル リクエストの要約と主要な変更点の箇条書きリストを生成します。;C.プルリクエストの変更の正確性を検証できます。;D.プルリクエストの変更セットに関する質問に答えることができます。,BD,GitHub Copilot Enterprise は、プルリクエストの概要を生成し、行われた変更に関する質問に答えることで、コードレビューを支援します。
GitHub Copilot がよく使用されるコードパターンでトレーニングされると、どのような効果が得られるでしょうか?,A.多様なデータセットが提供された場合、同質のソリューションを提案します。;B.まだ普及していない革新的なコーディングソリューションを提案します。;C.トレーニング データで最も一般的なプラクティスを反映するコード スニペットを提案します。;D.プロジェクトの時間を短縮しながら、まったく新しいプロジェクトを提案します。,C,GitHub Copilot は、頻繁に使用されるパターンから学習するため、トレーニング データ内の一般的なプラクティスを反映したコード スニペットを提案する可能性があります。
コンテンツ除外を使用して除外するように設定できるコンテンツは何ですか? (それぞれの正解は解決策の一部を示しています。3 つ選択してください。),A.ファイル内の行;B.ファイル;C.フォルダ;D.リポジトリ;E.Gists,BCD,コンテンツの除外を使用すると、ファイル、フォルダー、リポジトリを GitHub Copilot による使用から除外できます。
統計分析を伴うコードを生成するために GitHub Copilot を利用する場合、開発者はどのような点に留意すべきでしょうか?,A.GitHub Copilot は、結果の統計的有意性を独自に検証できます。;B.GitHub Copilot の提案は統計的な傾向に基づいており、特定のデータセットに必ずしも正確に適用されるとは限りません。;C.GitHub Copilot は、ユーザーの初期コードで見つかった統計エラーを自動的に修正します。;D.GitHub Copilot は、これまで文書化されていなかった新しい統計手法を設計できます。,B,GitHub Copilot の提案は統計的な傾向に基づいており、特定のデータセットに必ずしも正確ではない可能性があるため、慎重な検証が必要です。
GitHub Copilot Chat は既存のコードベースを理解するのにどのように役立ちますか?,A.コード リンターとフォーマッタを実行します。;B.コード構造の視覚的な図を提供する。;C.コードに関する質問に答え、説明を生成します。;D.コードを自動的にリファクタリングして読みやすさを向上します。,C,GitHub Copilot Chatは、コードに関する質問に答え、解説を生成することで、既存のコードベースの理解を支援します。
AI システムは理解可能であり、その仕組みについて明確な情報を提供する必要があることを強調する原則はどれですか。,A.公平性;B.透明性;C.包括性;D.説明責任,B,透明性の原則は、AIシステムが理解しやすく、その動作に関する明確な情報を提供する必要があることを強調しています。
ゼロショットプロンプトとは何ですか?,A. GitHub Copilotにできるだけコンテキストを与えない;B. GitHub Copilotに正解のみを表示するよう指示する;C. GitHub Copilotにプロンプ​​トとして質問のみを与え、例を与えない;D. GitHub Copilotに解決したい問題の例を示す;E. GitHub Copilotに使用したいアルゴリズムと結果の例を示す,C,ゼロショットプロンプティングとは、GitHub Copilotに質問をしたり、例を一切示さずにタスクを与えたりすることです。
コード提案中に GitHub Copilot Business によって特定のファイルが使用されないようにする正しい方法は何ですか?,A.特定のファイルを含めるように .gitignore ファイルを変更します。;B.特定のファイルを copilot.ignore ファイルに追加します。;C.ユーザーインターフェースの GitHub Copilot 設定を使用してファイルを除外します。;D.ファイル名を変更して、接尾辞 _no_copilot を追加します。,C,ファイルを除外する正しい方法は、ユーザーインターフェースの GitHub Copilot 設定を使用することです。
GitHub Copilot でカスタムモデルを使用する利点は何ですか?,A.反応がより速く生成され、より早く現れる;B.応答ではリポジトリ内のプラクティスとパターンを使用します;C.回答には組織のLLMエンジンを使用する;D.回答は正しいことが保証されている,B,カスタムモデルにより、組織のコーディング標準や規約に沿った提案が生成されます。
メトリクスAPIで取得できる要素はどれですか？（２つ選んでください。）,A. API は、GitHub Copilot によって行われたコード品質の改善に関する詳細なレポートを生成できます。;B. API は、組織内で承認され使用されているコード提案の承認率を追跡できます。;C. API を使用するとコードをリファクタリングして生産性を向上できます。;D. API はコーディング スタイルと標準準拠に関するフィードバックを提供できます。;E. API は、Copilot Chat 固有の提案受け入れメトリックを提供できます。,BE,Copilot 使用状況メトリクス API は、提案の承認率や Copilot Chat の受け入れメトリクスを提供します。
Visual Studio の /optimize スラッシュ コマンドの主な役割は何ですか?,A.選択したスタイル ガイドに従ってコードを自動的にフォーマットします。;B.実行時の複雑さを分析して、選択したコードのパフォーマンスを向上させます。;C.ドキュメントをより保守しやすく読みやすい形式に要約します。;D.コードを、よりパフォーマンスの高い言語に変換します。,B,Visual Studio の /optimize コマンドは、実行時の複雑さを分析し、パフォーマンス向上を促します。
GitHub Copilot で有効になっているパブリック コード フィルターを使用する場合、パブリック コードの一致を識別するプロセスは何ですか?,A.公開コードを検出するように設計されたフィルターを通してコード提案を実行する;B.機械学習を使用して、提案を公開コードと比較する。;C.書かれているコードのコンテキストと構造を分析する;D.ユーザーの閲覧履歴を確認して公開リポジトリを特定する,A,公開コードフィルターは、提案を検出用フィルターに通して一致を判断します。
GitHub Copilot Chat の潜在的な制限は何ですか? (それぞれの正解は解決策の一部を示しています。2つ選択してください。),A.限られたトレーニングデータ;B.複雑なコード構造を扱う能力;C.コード提案に偏りがない;D.あらゆるプログラミング言語を幅広くサポート,AD,Copilot Chat は限られたデータとサポート言語の制限があります。
GitHub Copilot Chat が最も効果を発揮する適切なユースケースを特定してください。(それぞれの正解はソリューションの一部を示しています。2 つ選択してください。),A.ビジネス要件ドキュメントから技術要件仕様を作成する;B.レガシー COBOL コードを説明し、そのコードを Python などの別の言語に翻訳します。;C.新しく開発されたPythonコードの単体テストシナリオの作成;D. Webアプリケーションのエンドツーエンドのパフォーマンステストシナリオの作成,BC,Copilot Chat は、レガシーコードの翻訳やユニットテストシナリオ作成に効果的です。
独立請負業者が様々な顧客向けにアプリケーションを開発しています。顧客に懸念事項がない場合、どのGitHub Copilotプランが最適ですか？,A. GitHub Copilot Free;B. GitHub Copilot Business;C. GHE以外のお客様向けGitHub Copilot Business;D. GitHub Copilot Enterprise;E. GitHub Copilot Team,A,個人事業主には、コストパフォーマンスの高い GitHub Copilot Individual プランが最適です。
次の記述のうち、GitHub Copilot がソフトウェア開発プロセスに与える影響を最もよく表しているのはどれですか。,A.サードパーティの依存関係によるソフトウェアの脆弱性が減少します。;B.テストワークフローを自動化することでオーバーヘッドが削減されます。;C.反復的なコーディングタスクを自動化することで生産性が向上します。;D.ソフトウェア開発プロセスにおける開発者の必要性を排除します。,C,GitHub Copilot は主に、反復的なコーディング タスクを自動化して生産性を向上させることにより、ソフトウェア開発プロセスに影響を与えます。
GitHub Copilot の毒性フィルターによってフラグが付けられる可能性のあるプロンプトやコードスニペットの種類は何ですか? (それぞれの正解は解決策の一部を示しています。2 つ選択してください。),A.ヘイトスピーチまたは差別的言語（例：人種差別的中傷、不快なステレオタイプ）;B.性的に示唆的または露骨な内容;C.論理エラーを含む、または予期しない結果を生成するコード;D.強い意見や批判を含むコードコメント,AB,毒性フィルターは、ヘイトスピーチ、差別的表現、性的な内容や露骨な表現を含むコードをブロックする目的で設計されています。
GitHub は Business および Enterprise の Copilot データをどのくらいの期間保持しますか? (それぞれの正解は解決策の一部を示しています。2 つ選択してください。),A.プロンプトと提案: 保持されない;B.プロンプトと提案: 28日間保存;C.ユーザーエンゲージメントデータ: 2年間保存;D.ユーザーエンゲージメントデータ: 1年間保存,BC,Copilot のプロンプトと提案は 28 日間、ユーザーエンゲージメントデータは 2 年間保存されます。
統計分析を伴うコードを生成するために GitHub Copilot を利用する場合、開発者はどのような点に留意すべきでしょうか?,A. GitHub Copilot は、結果の統計的有意性を独自に検証できます。;B. GitHub Copilot は、ユーザーの初期コードで見つかった統計エラーを自動的に修正します。;C. GitHub Copilot の提案は統計的な傾向に基づいており、特定のデータセットに必ずしも正確に適用されるとは限りません。;D. GitHub Copilot は、これまで文書化されていなかった新しい統計手法を設計できます。,C,Copilot の統計提案は傾向に基づいているため、必ずしも個別のデータに対して正確ではない可能性があります。
AI システムがすべての人を平等に扱うことを確実にすることを目的とする Microsoft の倫理 AI 原則はどれですか?,A.プライバシーとセキュリティ;B.公平性;C.信頼性と安全性;D.包括性,B,公平性は、AI システムが差別せず平等に扱うことを保証する原則です。
Visual Studio、VS Code、または JetBrains IDE でサポートされている拡張機能を使用する場合、どの Copilot Individual 機能が利用できますか? (それぞれの正解はソリューションの一部を示しています。2 つ選択してください。),A.コードの提案;B.チャット;C.ナレッジベース;D.プルリクエストの差分分析,AB,Copilot Individual はコード提案とチャット機能をサポートしています。
GitHub Copilot を使用してテストを作成する場合でも、コードレビューが必要なのはなぜですか?,A. GitHub Copilot はテストケースで考えられるすべてのシナリオをカバーできるからです。;B. GitHub Copilot はテストシナリオに最適なコードを生成するためです。;C. GitHub Copilot によって生成されたテストケースでは、すべてのシナリオがカバーされない可能性があるため。;D. GitHub Copilot により手動テストの必要性がなくなるため。,C,Copilot が生成したテストはすべてのケースを網羅していない可能性があるためレビューが必要です。
GitHub Copilot で使用されるコンテキストをどのように改善できますか? (それぞれの正解は解決策の一部を示しています。2つ選択してください。),A. IDEで関連するタブを開く;B.プロンプトに関連コードスニペットを追加する;C.重要なファイルを.gitconfigに追加する;D.重要なファイルのプロンプトに完全なファイルパスを追加する,AB,IDE でのタブ表示とコードスニペットの直接追加により、より正確なコンテキストが提供されます。
GitHub Copilot でカスタムモデルを使用する利点は何ですか?,A.応答ではリポジトリ内のプラクティスとパターンを使用します;B.回答は正しいことが保証されている;C.回答には組織のLLMエンジンを使用する;D.反応がより速く生成され、より早く現れる,A,カスタムモデルにより、リポジトリ固有のプラクティスを反映した提案が可能になります。
コンテンツの除外によってどのような影響がありますか? (それぞれの正解は解決策の一部を示しています。2 つ選択してください。),A.除外されたコンテンツは、GitHub Copilot でコンテキストとして直接使用することはできません。;B.除外されたファイルでは、GitHub Copilot の提案は利用できなくなります。;C.除外されたコンテンツは、コードのデバッグ中に使用されなくなります。;D. IDE は除外されたコンテンツ内のコーディング提案をカウントしません。,AB,除外されたファイルは提案に利用されず、Copilot によるコンテキスト参照も行われません。
GitHub Copilot ナレッジベースについて正しいのは次のうちどれですか?,A.すべてのリポジトリがインデックス化されている;B.インデックスは静的;C.エンタープライズ機能です;D.すべてのファイルタイプがインデックス化される,C,GitHub Copilot ナレッジベースは、組織の内部ドキュメントとコードを使用して、より正確で関連性の高い提案を行うエンタープライズ機能です。
CLI で GitHub Copilot を使用してコード提案を生成するにはどうすればよいですか?,A.コードコメントを記入 -> 提案のショートカットを押す -> リストから最適な提案を選択する。;B. Copilot の提案を使用する -> 必要なコマンドを入力する -> リストから最適な提案を選択する。;C.コード スニペットを入力 -> copilot fine コマンドを使用して拡張 -> 提案されたコマンドを確認する。;D.プロジェクトのアーキテクチャを記述する -> copilot generate コマンドを使用する -> 生成された提案を受け入れる。,B,CLI では、必要なコマンドを入力すると Copilot が提案を提示し、最適な候補を選ぶ形式です。
ユニットテストを提案する際に、GitHub Copilot はどのように制限されるのでしょうか?,A. GitHub Copilot は、エッジケースや複雑な統合シナリオを含む、あらゆるタイプのユニットテストを生成できます。;B. GitHub Copilot は主に、コア機能に重点を置いた基本的な単体テストを提案しますが、包括的なカバレッジのためには開発者からの追加入力が必要になることがよくあります。;C. GitHub Copilot は、コードのあらゆる複雑さを処理し、適切な単体テストを自動的に生成します。;D. GitHub Copilot のユニットテスト生成における制限は、使用している IDE のバージョンによって異なる場合があります。,B,Copilot は主に基本的な単体テストを生成し、開発者による補足が求められます。
GitHub Copilot はパフォーマンス向上のためにコードの最適化をどのように提案しますか?,A.コードベースを分析し、より効率的なアルゴリズムやデータ構造を提案します。;B.より効率的なコードを使用するためにコードベースを自動的に書き換える。;C.最適なパフォーマンスを保証する厳格なコーディング標準を実施します。;D.コードベースのパフォーマンスに関する詳細なレポートを提供することにより。,A,Copilot は、より効率的なアルゴリズムやデータ構造の提案によりパフォーマンス向上を支援します。
/tests スラッシュ コマンドは開発者をどのように支援しますか?,A.詳細なテストドキュメントを作成します。;B.選択したコードの単体テストを作成します。;C.外部のテスト フレームワークと統合します。;D.テストケースを実行してコードの問題を見つけます。,B,/tests コマンドは、選択コードに対するユニットテストを作成し、品質確保を支援します。
GitHub Copilot Chat をツールとして使用する目的を最もよく表すシナリオは次のどれですか。,A.開発者がコードを生成するための完全な代替手段です。;B.提案は提供するものの、人間の判断に依存する生産性向上ツール。;C.追加の入力や監視を必要としないソフトウェア開発ソリューション。;D.デバッグとエラー修正専用に設計されたツール。,B,Copilot Chat は開発を補助するツールであり、判断は開発者に委ねられます。
GitHub Copilot が提供する提案の品質を高めるには、どのような方法がありますか? (3 つ選択してください。),A.問題またはタスクを明確に定義する;B.コードコメントに個人情報を含める;C.意味のある変数名を使用する;D.望ましい出力の例を示す;E. .gitignoreファイルを使用して無関係なファイルを除外する,ACD,明確なタスク定義、意味のある変数、出力例が品質向上に効果的です。
GitHub Copilot の使用中に、Microsoft と GitHub から IP 侵害の防止に関する支援を受けるには、どのような構成を設定する必要がありますか?,A.公開コードと「ブロック」に一致する提案;B. MITまたはGPLライセンスのコードのブロックを強制する;C.コードの提案を受け入れる前に自分で確認する必要がある;D. GitHub Copilotライセンスチェックを有効にする,A,Copilot の設定で公開コードに一致する提案をブロックすると、IP侵害のリスクが軽減されます。
GitHub Copilot Business の監査ログ イベントにアクセスする正しい方法は何ですか?,A.組織のGitHub設定のセキュリティタブに移動します;B.リポジトリ設定のInsightsタブに移動します;C.組織のGitHub設定の監査ログセクションを使用する;D. GitHubリポジトリのコードタブを使用する,C,Copilot Business の監査ログは、組織の GitHub 設定 > 監査ログセクションからアクセスできます。
品質向上のためにコードをリファクタリングする際に GitHub Copilot Chat をガイドするために使用できるプロンプトは次のどれですか? (それぞれの正解はソリューションの一部を示しています。2 つ選択してください。),A.「この関数の読みやすさを改善する方法を教えてください。」;B.「このコードセグメントの保守性を高める方法を提案してください。」;C.「最新のコーディング標準を満たすようにアプリケーションをリファクタリングします。」;D.「将来のコーディングトレンドを予測し、それに応じてコードベースを更新します。」,AB,具体的な改善内容（可読性や保守性）を指定するプロンプトは効果的です。
GitHub Copilot へのプロンプトを改善するために使用できる 2 つの手法は何ですか? (2 つ選択してください。),A.具体的な成功基準を提供する;B.利用されたファイルに関するすべての情報を提供する;C.反応を得るためにコンテンツをどこから入手するかについての洞察を提供する;D.裏付けとなる文書へのリンクを提供する,AD,プロンプトを改善するには、具体的な成功基準を提供し、サポートドキュメントへのリンクを含めるとよいです。
GitHub Copilot Individual はどのように請求されますか? (それぞれの正解はソリューションの一部を示しています。2 つ選択してください。),A.月額サブスクリプション;B.年間購読;C.実際の使用量に基づいて月額制で課金されるサービス;D.すべてのオープンソースプロジェクトは無料（課金なし）,AB,GitHub Copilot Individual は、月額または年額のサブスクリプションで請求されます。
公平性の概念を AI ツールの操作プロセスにどのように統合できるでしょうか?,A.アクセシビリティに重点を置くことで公平性が確保されます。;B.トレーニング用の大規模なデータセットの収集に重点を置くことで公平性が確保されます。;C. AI ツールのパフォーマンスを定期的に監視することで、出力の公平性が確保されます。;D. AI データとアルゴリズムを偏りのないようにトレーニングすることで、公平性が確保されます。,D,公平性の確保には、偏りのないデータとアルゴリズムを使ったトレーニングが重要です。
コマンドラインインターフェース (CLI) の GitHub Copilot を使用して、次の設定を構成できます。(正解はそれぞれ解決策の一部を示します。2 つ選択してください。),A.デフォルトの実行確認;B.使用状況分析;C.デフォルトのエディタ;D. GitHub CLIサブコマンド,AB,CLI の Copilot では、デフォルト実行確認と使用状況分析の設定が可能です。
コンテンツ除外の追加や更新にはどれくらいの時間がかかりますか?,A.最大30分;B. 45～60分;C.約60～90分;D. 24時間,A,コンテンツ除外の追加・更新は最大30分で反映されます。
GitHub Copilot Chat はどのようにして機能が正しく動作することを保証しますか?,A.コードのコンテキストとセマンティクスに基づいてアサーションを提案する。;B.関数のすべてのテストを自動的に記述する。;C.関数の実装コードを記述する。;D.テストケースを実行してコードの正確性を検証します。,A,Copilot Chat はアサーション提案を通じて関数の動作検証を支援します。
GitHub Copilot は、ソフトウェア開発ライフサイクル (SDLC) の要件分析フェーズで開発者をどのように支援できますか?,A.詳細な要件ドキュメントを自動的に生成します。;B.要件の文書化に役立つテンプレートとコード スニペットを提供します。;C. /help を使用する際に潜在的な要件の競合を特定し、修正します。;D.利害関係者とのコミュニケーションと会議を管理する。,B,Copilot はテンプレートやコードスニペットを通じて要件文書作成を支援します。
次のどれがロールプロンプトを説明していますか?,A.より良い提案を得るために、あなたの役割をプロンプトで説明する;B. GitHub Copilotにどのような口調で応答するかを伝える;C. GitHub Copilotに提案の役割を説明するよう促す;D. GitHub Copilotに、使用したいデータの形式の複数の例を与える,A,ロールプロンプトは役割（例: ソフトウェアエンジニア）を指定して提案精度を高めます。
Generative AI (Gen AI) ツールが不正確な出力を作成するのはなぜでしょうか?,A. Gen AI ツールは、一度に多数のリクエストによって過負荷状態になっています。;B. Gen AI ツールはダウンタイムが発生しており、完全に回復していません。;C. Gen AI ツールは、事実の正確さよりも創造性に重点を置いてプログラムされています。;D.トレーニング データに偏りや矛盾が含まれている可能性があります。,D,トレーニングデータの偏りや矛盾により不正確な出力が生成されることがあります。
GitHub Copilot のコード提案においてチャット履歴はどのような役割を果たしますか?,A.チャット履歴は、GitHub Copilot モデルをリアルタイムでトレーニングするために使用されます。;B.チャット履歴は GitHub Copilot にコンテキストを提供し、コード提案の関連性と精度を向上させます。;C.チャット履歴は保存され、他のユーザーと共有され、コラボレーションが強化されます。;D.チャット履歴は GitHub Copilot とは無関係であり、その機能には影響しません。,B,チャット履歴は Copilot に文脈を提供し、より正確なコード提案に貢献します。
GitHub Copilot は誰でも無料で使用できますか?,A.いいえ;B.はい,B,GitHub Copilot Freeプランは無料で使うことができます。
組織のメンバーに Copilot へのアクセスを許可する方法として適切ではないのは、以下のどのオプションですか。,A.エンタープライズ設定から、選択した組織またはすべての組織に対して GitHub Copilot を有効にします。;B.GitHub の REST API を使用して、組織内のチームまたは特定のユーザーに GitHub Copilot へのアクセス権を付与できます。;C.組織のメンバーは、アカウント設定から直接 Copilot を有効にできます。;D.組織の設定から、選択したチームまたはユーザー、あるいは組織全体に対して GitHub Copilot を有効にします。,C,Copilotへのアクセス権付与は、Organization のOwner権限が必要です。
GitHub Copilot はどのような IDE をサポートしていますか? (2 つ選択してください。),A.Azure Data Studio、Visual Studio、IntelliJ IDEA;B.Visual Studio Code、Xcode、Vim/NeoVim;C.Visual Studio、BlueJ、NetBeans;D.Visual Studio、NetBeans、Eclipse,AB,https://docs.github.com/en/copilot/using-github-copilot/getting-code-suggestions-in-your-ide-with-github-copilot
CLI に GitHub Copilot 拡張機能をインストールするにはどのコマンドを使用しますか?,A.gh copilotのインストール;B.gh copilotの設定;C.gh extensionのインストール github/gh-copilot;D.gh extensionにcopilotを追加,C,https://docs.github.com/en/copilot/managing-copilot/configure-personal-settings/installing-github-copilot-in-the-cli
プロンプトエンジニアリングの原則にはどのようなものがありますか? (3 つ選択してください。),A.AIに豊富なコンテキストを提供する;B.明確に定義された単一のタスクに集中する;C.指示が詳細かつ明確であることを確認する;D.長くて複雑な指示を書く,ABC,https://docs.github.com/en/copilot/using-github-copilot/prompt-engineering-for-github-copilot
GitHub Copilot から特定のファイルを除外するにはどうすればよいですか?,A.GitHubのリポジトリ設定を参照し、除外するパスを追加する;B..gitignoreファイルの編集;C.Copilot 構成ファイルで除外を構成する;D.ターミナルでコマンドを使用する,A,https://docs.github.com/en/copilot/managing-copilot/configuring-and-auditing-content-exclusion/excluding-content-from-github-copilot
Copilot のコンテンツ除外について正しいのはどれですか? (2 つ選択してください),A.コンテンツの除外は即座に適用されます;B.Copilotはプライバシーを考慮したさまざまなプランを提供しています;C.コンテンツの除外はコード補完に影響しません;D.コンテキストの除外はリポジトリレベルと組織レベルで設定できます;E.Copilotは除外されたファイルを完全に無視します,BD,https://docs.github.com/en/copilot/managing-copilot/configuring-and-auditing-content-exclusion/excluding-content-from-github-copilot
GitHub Copilot Editor 構成ファイルについて説明しているのは次のうちどれですか?,A.セキュリティ設定を含むJSONファイル;B.ビルド手順を記述したYAMLファイル;C.デプロイ設定を含むXMLファイル;D.Copilot Chat の応答をカスタマイズするための自然言語の指示を記述した Markdown ファイル,D,https://docs.github.com/en/copilot/customizing-copilot/adding-custom-instructions-for-github-copilot
GitHub Copilot の生産性 API の使用方法を説明しているのは次のうちどれですか。,"A.組織メンバーから使用状況のメトリクスを収集する;B.監査ログを収集するには;C.Copilotを自動的に更新するには;D,特定のファイルを除外するには",A,https://docs.github.com/en/copilot/rolling-out-github-copilot-at-scale/analyzing-usage-over-time-with-the-copilot-metrics-api
GitHub Copilot Chat を外部ツールと統合するものは次のどれですか?,A.GitHub Copilot 統合;B.GitHub Copilot オープン;C.GitHub コパイロット拡張機能;D.GitHub Copilot マーケットプレイス,C,https://docs.github.com/en/enterprise-cloud@latest/copilot/using-github-copilot/using-extensions-to-integrate-external-tools-with-copilot-chat
リポジトリに合わせてカスタマイズされた応答を生成するために、GitHub Copilot にコンテキストを提供するにはどうすればよいでしょうか?,A.ファイルを変更して.gitconfigカスタム指示を含めることで;B.プロジェクトの詳細を記載したメールをGitHubサポートに送信する;C..github/copilot-instructions.mdリポジトリに名前の付いたファイルを作成することにより;D.copilot-instructions必要なコンテキストでリポジトリに名前を付けたGitHubの問題を作成することにより,C,https://docs.github.com/en/enterprise-cloud@latest/copilot/customizing-copilot/adding-custom-instructions-for-github-copilot
GitHub Copilot は、GitHub Copilot コンテンツ除外によって無視されるファイルからのセマンティック情報を使用できますか?,A.はい、情報が IDE によって間接的に提供される場合は可能です。;B.いいえ、除外されたファイルの情報はすべて無視されます。,A,https://docs.github.com/en/copilot/managing-copilot/configuring-and-auditing-content-exclusion/excluding-content-from-github-copilot#limitations-of-content-exclusions
GitHub Copilot からコンテンツを除外するとどうなりますか? (2 つ選択してください),A.影響を受けるファイルではコード補完は利用できません。;B.影響を受けるファイルではコード補完は影響を受けません。;C.影響を受けるファイルの内容は、GitHub Copilot Chat の応答に引き続き反映されます。;D.影響を受けるファイルの内容は、他のファイルのコード補完の提案には反映されません。,AD,https://docs.github.com/en/copilot/managing-copilot/configuring-and-auditing-content-exclusion/excluding-content-from-github-copilot#about-content-exclusions-for-copilot
GitHub Copilot を使い始める最も簡単な方法は何ですか?,A.GitHub Copilot を使用する前に、GitHub サポートにアクセスをリクエストし、承認を待ちます。;B.提案を求めるときは、Copilot Web サイトを使用してコードを貼り付けます。;C.Visual Studio Code などの好みの環境に Copilot 拡張機能をインストールします。;D.新しいパブリック GitHub リポジトリを作成し、Copilot がコードをスキャンして提案できるようにします。,C,https://docs.github.com/en/copilot/using-github-copilot/getting-started-with-github-copilot
新しいコードを開発しているときに、GitHub Copilot はどのようなことを分析して関連する提案を提供するのでしょうか?,A.リポジトリ内のすべてのファイルのコンテキストを分析します。;B.現在のコード行内のコンテキストのみを分析します。;C.現在のファイルと関連ファイルのコンテキストを分析します。;D.現在のファイル内のコンテキストのみを分析します。,C,https://docs.github.com/en/copilot/using-github-copilot/best-practices-for-using-github-copilot#guide-copilot-towards-helpful-outputs
GitHub Copilot を最もよく表すオプションは次のどれですか?,A.コードベースの変更を追跡および管理するバージョン管理システム。;B.コードを提案し、コード スニペットを完成させることで開発者を支援する AI コーディング アシスタント。;C.コードを自動的にテストし、本番環境にデプロイするツール。;D.デバッグおよびエラー チェック機能を備えたコード エディター。,B,https://docs.github.com/en/copilot/about-github-copilot/what-is-github-copilot
GitHub Copilot は IDE でのコード提案のデータ保持をどのように処理しますか?,A.コードスニペットは、削除される前に30日間ディスクにキャッシュされます。;B.提案はバージョン管理のためにGitHubリポジトリに自動的に保存されます;C.すべての提案は、将来の参照のためにローカルデータベースに永続的に保存されます。;D.提案は一時的にメモリに保持され、使用後に破棄され、ディスクには書き込まれません。,D,https://resources.github.com/learn/pathways/copilot/essentials/how-github-copilot-handles-data/
GitHub Copilot のプロキシ サービスがプロンプトを処理するときに、どのような手順が発生しますか?,A.複数のプログラミング言語への翻訳と構文検証;B.参照チェックのための公開リポジトリへの直接送信;C.有害な言語のテスト、関連性のチェック、迅速なハッキングの試みの検出;D.サンドボックス環境での自動コードコンパイルと実行,C,https://resources.github.com/learn/pathways/copilot/essentials/how-github-copilot-handles-data/
GitHub Copilot の開発を導く、Microsoft の責任ある AI に関する 6 つの主要原則を正しく表す原則セットはどれですか。,A.公平性、信頼性と安全性、プライバシーとセキュリティ、包括性、透明性、説明責任;B.セキュリティ、開発、運用、保守、サポート、ドキュメント;C.効率、スピード、正確性、革新性、信頼性、そしてセキュリティ;D.プライバシー、パフォーマンス、アクセシビリティ、スケーラビリティ、保守性、テスト,A,https://learn.microsoft.com/en-us/training/modules/responsible-ai-with-github-copilot/3-six-principles-of-responsible-ai
GitHub Copilot を使用して開発者のワークフローを強化することで得られる潜在的なメリットは次のどれですか。,A.人間の承認なしにプル リクエストを自動的にマージします。;B.これにより、あらゆるプロジェクトにおけるコードレビューの必要性が完全になくなります。;C.単一のプログラミング言語で書かれたソフトウェアでのみ動作します。;D.開発者の生産性を向上させるコード スニペットを提案できます。,D,https://docs.github.com/en/copilot
GitHub Copilot の CLI コマンド機能を正しく説明している記述はどれですか?,A.提案されたコマンドは、最初にクリップボードにコピーされることなく直接実行されます。;B.「gh copilot suggests」を使用すると、ユーザーの確認なしにコマンドが自動的に実行されます。;C.「gh copilot explain」コマンドは説明を表示せずにシステムファイルを変更します;D.ユーザーは「gh copilot explain」を使用してコマンドの説明を取得し、「gh copilot suggests」を使用してコマンドの提案を取得できます。,D,https://docs.github.com/en/copilot/using-github-copilot/using-github-copilot-in-the-command-line
GitHub Copilot の '/tests' スラッシュ コマンドの主な目的は何ですか?,A.新しいテストを作成せずに、既存のテストファイルの構文のみを検証します。;B.新しいテストを生成せずに、プロジェクト内の既存のユニットテストをすべて実行します。;C.既存のテストファイルをすべて永久に削除して、最初からやり直す;D.既存のテストファイルからコンテキストを使用して、現在開いているファイルに対してユニットテストスイートを生成します。,D,https://docs.github.com/en/copilot/using-github-copilot/guides-on-using-github-copilot/writing-tests-with-github-copilot
請求サイクル中に、エンタープライズ レベルで GitHub Copilot のシート使用率はどのように計算されますか?,A.コミット総数 × アクティブな開発者数;B.座席数 × (経過日数 / 請求サイクルの合計日数);C.リポジトリの合計サイズ × 組織の数;D.コード提案の数 × 承認された補完の数,B,https://docs.github.com/en/enterprise-cloud@latest/copilot/managing-copilot/managing-copilot-for-your-enterprise/managing-access-to-copilot-in-your-enterprise/viewing-copilot-license-usage-in-your-enterprise
GitHub Copilot のパブリックコードマッチング機能はどのように機能しますか?,A.GitHub以外の外部コードホスティングプラットフォームと照合してコードをチェックします;B.プライベートリポジトリを含むすべてのGitHubリポジトリをリアルタイムで検索します。;C.過去24時間以内に作成されたリポジトリのコードのみに一致します;D.数ヶ月ごとに更新されるGitHubの公開リポジトリのインデックスとコードの提案を比較して一致するものを検索します。,D,https://docs.github.com/en/copilot/using-github-copilot/finding-public-code-that-matches-github-copilot-suggestions
GitHub Copilot の応答に対して実行される後処理チェックとは何ですか?,A.構文検証とコードフォーマットのチェックのみ;B.パフォーマンスベンチマークとメモリ使用量の最適化;C.有害な言語、関連性、コードの品質（セキュリティ上の脆弱性を含む）、一意の識別子、およびオプションの公開コードマッチング;D.コンパイルエラーと実行時例外をチェックするだけです,C,https://resources.github.com/learn/pathways/copilot/essentials/how-github-copilot-handles-data/
GitHub Copilot は、提案を生成する際にどの要素をコンテキストとして使用できますか?,A.プロジェクトのREADMEファイルのみ。他には何もなし。;B.編集中のコード行のみ、周囲のコンテキストは無視されます;C.インターネットからの外部文書のみ;D.現在のファイル、隣接するファイル、リポジトリの URL、ファイル パス、および以前のチャットのやり取りの内容,D,https://docs.github.com/en/copilot/using-github-copilot/getting-started-with-github-copilot#using-context-in-github-copilot
